id,split,diagnostic_type,diagnostic_subtype,source_mode,eval_eligible,split_policy
0040ff76,sft_train,gravity,standard,real,true,auto
00463d04,eval_holdout,gravity,standard,real,true,auto
00619cba,sft_train,gravity,standard,real,true,auto
00662ac2,sft_train,gravity,standard,real,true,auto
0073bcbb,eval_holdout,gravity,standard,real,true,auto
00ec1c63,sft_train,gravity,standard,real,true,auto
00ed1836,eval_holdout,gravity,standard,real,true,auto
01714be2,sft_train,gravity,standard,real,true,auto
01a065bb,sft_train,gravity,standard,real,true,auto
01f90423,sft_train,gravity,standard,real,true,auto
020d8b25,sft_train,gravity,standard,real,true,auto
0214e81f,sft_train,gravity,standard,real,true,auto
023aa939,sft_train,gravity,standard,real,true,auto
02473b23,grpo_holdout,gravity,standard,real,true,auto
028c71d7,eval_holdout,gravity,standard,real,true,auto
02beaa05,sft_train,gravity,standard,real,true,auto
02da60a0,sft_train,gravity,standard,real,true,auto
0320b87e,sft_train,gravity,standard,real,true,auto
0320cf76,sft_train,gravity,standard,real,true,auto
037921b9,sft_train,gravity,standard,real,true,auto
037c45c6,sft_train,gravity,standard,real,true,auto
037cbabf,sft_train,gravity,standard,real,true,auto
03cb7b73,sft_train,gravity,standard,real,true,auto
03dc4d0c,grpo_holdout,gravity,standard,real,true,auto
0409e7d8,sft_train,gravity,standard,real,true,auto
049d892c,sft_train,gravity,standard,real,true,auto
04c23a05,sft_train,gravity,standard,real,true,auto
054d3e92,sft_train,gravity,standard,real,true,auto
057fa18f,sft_train,gravity,standard,real,true,auto
059af21b,sft_train,gravity,standard,real,true,auto
06181e6a,eval_holdout,gravity,standard,real,true,auto
062ccf0e,sft_train,gravity,standard,real,true,auto
062fd9cb,sft_train,gravity,standard,real,true,auto
069813dc,sft_train,gravity,standard,real,true,auto
06b3ee9d,sft_train,gravity,standard,real,true,auto
077b20f7,sft_train,gravity,standard,real,true,auto
07b8c3d3,sft_train,gravity,standard,real,true,auto
07c96a99,sft_train,gravity,standard,real,true,auto
07e9a377,sft_train,gravity,standard,real,true,auto
0848cbc0,eval_holdout,gravity,standard,real,true,auto
086adade,sft_train,gravity,standard,real,true,auto
086e5409,sft_train,gravity,standard,real,true,auto
088d07a3,sft_train,gravity,standard,real,true,auto
08f33ade,eval_holdout,gravity,standard,real,true,auto
09311189,sft_train,gravity,standard,real,true,auto
09458326,sft_train,gravity,standard,real,true,auto
096bf683,sft_train,gravity,standard,real,true,auto
0978d9f3,sft_train,gravity,standard,real,true,auto
09913b3c,sft_train,gravity,standard,real,true,auto
09a80640,sft_train,gravity,standard,real,true,auto
09bd635a,sft_train,gravity,standard,real,true,auto
09c8f227,grpo_holdout,gravity,standard,real,true,auto
09e5b802,sft_train,gravity,standard,real,true,auto
09eb3e58,sft_train,gravity,standard,real,true,auto
0a039aa6,grpo_holdout,gravity,standard,real,true,auto
0a09555d,sft_train,gravity,standard,real,true,auto
0a3c8962,sft_train,gravity,standard,real,true,auto
0a41d1b5,sft_train,gravity,standard,real,true,auto
0a45c663,sft_train,gravity,standard,real,true,auto
0a4b6267,sft_train,gravity,standard,real,true,auto
0a4e0ecd,sft_train,gravity,standard,real,true,auto
0a5c4c1e,grpo_holdout,gravity,standard,real,true,auto
0ab3d1de,sft_train,gravity,standard,real,true,auto
0b14fbf1,sft_train,gravity,standard,real,true,auto
0b1e1afc,eval_holdout,gravity,standard,real,true,auto
0b45cd22,grpo_holdout,gravity,standard,real,true,auto
0b49997d,sft_train,gravity,standard,real,true,auto
0b5d02f4,sft_train,gravity,standard,real,true,auto
0b6ca613,sft_train,gravity,standard,real,true,auto
0bd0197c,sft_train,gravity,standard,real,true,auto
0bd7fe62,sft_train,gravity,standard,real,true,auto
0c0955b1,sft_train,gravity,standard,real,true,auto
0cc8d7c2,sft_train,gravity,standard,real,true,auto
0d069918,sft_train,gravity,standard,real,true,auto
0d16ae24,sft_train,gravity,standard,real,true,auto
0d2f174c,sft_train,gravity,standard,real,true,auto
0d473e1e,sft_train,gravity,standard,real,true,auto
0d4dc849,sft_train,gravity,standard,real,true,auto
0d61b6e0,sft_train,gravity,standard,real,true,auto
0d69dc5d,sft_train,gravity,standard,real,true,auto
0dcdd12b,sft_train,gravity,standard,real,true,auto
0e02a8df,sft_train,gravity,standard,real,true,auto
0e4107aa,sft_train,gravity,standard,real,true,auto
0e81751f,sft_train,gravity,standard,real,true,auto
0e897e03,sft_train,gravity,standard,real,true,auto
0e93fbf6,sft_train,gravity,standard,real,true,auto
0eb6931c,sft_train,gravity,standard,real,true,auto
0ec04296,sft_train,gravity,standard,real,true,auto
0ecdee5a,grpo_holdout,gravity,standard,real,true,auto
0ee2b6f4,sft_train,gravity,standard,real,true,auto
0effe408,sft_train,gravity,standard,real,true,auto
0f0a0b78,sft_train,gravity,standard,real,true,auto
0f14cdfd,sft_train,gravity,standard,real,true,auto
0f16e113,grpo_holdout,gravity,standard,real,true,auto
0f17279e,sft_train,gravity,standard,real,true,auto
0f59f534,sft_train,gravity,standard,real,true,auto
0f614833,grpo_holdout,gravity,standard,real,true,auto
0fd289d8,sft_train,gravity,standard,real,true,auto
0ff70513,sft_train,gravity,standard,real,true,auto
1021cb76,sft_train,gravity,standard,real,true,auto
1029ef5a,sft_train,gravity,standard,real,true,auto
109a6016,sft_train,gravity,standard,real,true,auto
10b19ba1,sft_train,gravity,standard,real,true,auto
10e6a430,eval_holdout,gravity,standard,real,true,auto
112586df,sft_train,gravity,standard,real,true,auto
112bd01f,sft_train,gravity,standard,real,true,auto
112f8c9a,sft_train,gravity,standard,real,true,auto
113ee3b2,sft_train,gravity,standard,real,true,auto
116b3007,sft_train,gravity,standard,real,true,auto
1174ceb5,sft_train,gravity,standard,real,true,auto
1179a56c,eval_holdout,gravity,standard,real,true,auto
11dd396a,sft_train,gravity,standard,real,true,auto
11e0cf99,sft_train,gravity,standard,real,true,auto
122d207c,sft_train,gravity,standard,real,true,auto
12368f5f,grpo_holdout,gravity,standard,real,true,auto
126276d6,sft_train,gravity,standard,real,true,auto
126caa2e,sft_train,gravity,standard,real,true,auto
127b232a,eval_holdout,gravity,standard,real,true,auto
127bf9be,eval_holdout,gravity,standard,real,true,auto
12e6f711,eval_holdout,gravity,standard,real,true,auto
12fe3d99,eval_holdout,gravity,standard,real,true,auto
13042e4a,sft_train,gravity,standard,real,true,auto
13343e94,sft_train,gravity,standard,real,true,auto
13394598,sft_train,gravity,standard,real,true,auto
136ffda9,eval_holdout,gravity,standard,real,true,auto
13881f2a,sft_train,gravity,standard,real,true,auto
13c36657,sft_train,gravity,standard,real,true,auto
13eebd6e,sft_train,gravity,standard,real,true,auto
13f40f19,sft_train,gravity,standard,real,true,auto
140fc23e,sft_train,gravity,standard,real,true,auto
143ba63e,grpo_holdout,gravity,standard,real,true,auto
143c78e0,eval_holdout,gravity,standard,real,true,auto
143d4f8f,sft_train,gravity,standard,real,true,auto
145454da,sft_train,gravity,standard,real,true,auto
147b4c3c,sft_train,gravity,standard,real,true,auto
14cfeac3,grpo_holdout,gravity,standard,real,true,auto
14e06c76,sft_train,gravity,standard,real,true,auto
14fd5550,sft_train,gravity,standard,real,true,auto
150360a5,eval_holdout,gravity,standard,real,true,auto
1520fb1d,sft_train,gravity,standard,real,true,auto
1596356e,sft_train,gravity,standard,real,true,auto
15cf49bb,eval_holdout,gravity,standard,real,true,auto
15e79ae0,grpo_holdout,gravity,standard,real,true,auto
162f9eb3,sft_train,gravity,standard,real,true,auto
16436182,sft_train,gravity,standard,real,true,auto
164f1fd0,eval_holdout,gravity,standard,real,true,auto
16a09dd6,grpo_holdout,gravity,standard,real,true,auto
16b45644,sft_train,gravity,standard,real,true,auto
16d0c65e,sft_train,gravity,standard,real,true,auto
16d72830,sft_train,gravity,standard,real,true,auto
1709e73f,sft_train,gravity,standard,real,true,auto
177d60f2,sft_train,gravity,standard,real,true,auto
17d4849f,sft_train,gravity,standard,real,true,auto
17f7fb09,sft_train,gravity,standard,real,true,auto
17fc6883,eval_holdout,gravity,standard,real,true,auto
1815089c,sft_train,gravity,standard,real,true,auto
1845347a,sft_train,gravity,standard,real,true,auto
184b74cd,sft_train,gravity,standard,real,true,auto
186cccdf,sft_train,gravity,standard,real,true,auto
18ffcc39,sft_train,gravity,standard,real,true,auto
1907bede,sft_train,gravity,standard,real,true,auto
196959f6,grpo_holdout,gravity,standard,real,true,auto
1971fc80,sft_train,gravity,standard,real,true,auto
197728ae,grpo_holdout,gravity,standard,real,true,auto
19f0e899,sft_train,gravity,standard,real,true,auto
1a2ac571,sft_train,gravity,standard,real,true,auto
1a337ccc,sft_train,gravity,standard,real,true,auto
1a6c0053,sft_train,gravity,standard,real,true,auto
1a813172,sft_train,gravity,standard,real,true,auto
1a9e3bb4,sft_train,gravity,standard,real,true,auto
1adac02d,sft_train,gravity,standard,real,true,auto
1aec45f5,sft_train,gravity,standard,real,true,auto
1b1ab22a,sft_train,gravity,standard,real,true,auto
1b36ce68,sft_train,gravity,standard,real,true,auto
1b5744e7,sft_train,gravity,standard,real,true,auto
1b76590c,eval_holdout,gravity,standard,real,true,auto
1b818620,sft_train,gravity,standard,real,true,auto
1bde7dfb,sft_train,gravity,standard,real,true,auto
1c27ef41,grpo_holdout,gravity,standard,real,true,auto
1c2df526,sft_train,gravity,standard,real,true,auto
1c37e8fe,sft_train,gravity,standard,real,true,auto
1c41e87d,sft_train,gravity,standard,real,true,auto
1c52091e,sft_train,gravity,standard,real,true,auto
1ca8e087,sft_train,gravity,standard,real,true,auto
1d2a87c3,sft_train,gravity,standard,real,true,auto
1d32836c,sft_train,gravity,standard,real,true,auto
1d3a602c,grpo_holdout,gravity,standard,real,true,auto
1d3a8077,sft_train,gravity,standard,real,true,auto
1d3ae978,sft_train,gravity,standard,real,true,auto
1d47b46e,grpo_holdout,gravity,standard,real,true,auto
1d8d8655,sft_train,gravity,standard,real,true,auto
1d9e08a8,grpo_holdout,gravity,standard,real,true,auto
1db21126,sft_train,gravity,standard,real,true,auto
1dce2690,eval_holdout,gravity,standard,real,true,auto
1dde1e65,sft_train,gravity,standard,real,true,auto
1de7225c,sft_train,gravity,standard,real,true,auto
1de81a6f,sft_train,gravity,standard,real,true,auto
1e0d1322,sft_train,gravity,standard,real,true,auto
1e99e10f,grpo_holdout,gravity,standard,real,true,auto
1ef25240,sft_train,gravity,standard,real,true,auto
1ef440dc,eval_holdout,gravity,standard,real,true,auto
1f04fa8d,eval_holdout,gravity,standard,real,true,auto
1f07abea,sft_train,gravity,standard,real,true,auto
1f2f6b29,sft_train,gravity,standard,real,true,auto
1f549473,sft_train,gravity,standard,real,true,auto
1f73f1f0,sft_train,gravity,standard,real,true,auto
1fa88224,grpo_holdout,gravity,standard,real,true,auto
1fb05006,sft_train,gravity,standard,real,true,auto
1fba92ee,sft_train,gravity,standard,real,true,auto
1fcdff78,grpo_holdout,gravity,standard,real,true,auto
1fde04cc,sft_train,gravity,standard,real,true,auto
20010db2,sft_train,gravity,standard,real,true,auto
201dfb1c,sft_train,gravity,standard,real,true,auto
203aee7d,sft_train,gravity,standard,real,true,auto
20eecd8a,sft_train,gravity,standard,real,true,auto
2106285f,sft_train,gravity,standard,real,true,auto
211b86cc,sft_train,gravity,standard,real,true,auto
215cc608,eval_holdout,gravity,standard,real,true,auto
215fda9c,sft_train,gravity,standard,real,true,auto
2187585a,sft_train,gravity,standard,real,true,auto
218b0228,sft_train,gravity,standard,real,true,auto
21bbe611,sft_train,gravity,standard,real,true,auto
21e2511d,sft_train,gravity,standard,real,true,auto
2212ccb3,eval_holdout,gravity,standard,real,true,auto
22151c0e,grpo_holdout,gravity,standard,real,true,auto
22882bef,sft_train,gravity,standard,real,true,auto
22bb13b8,sft_train,gravity,standard,real,true,auto
22c679ac,sft_train,gravity,standard,real,true,auto
22df9c33,grpo_holdout,gravity,standard,real,true,auto
2306289a,eval_holdout,gravity,standard,real,true,auto
231dfa50,sft_train,gravity,standard,real,true,auto
232c0bee,sft_train,gravity,standard,real,true,auto
233e854d,sft_train,gravity,standard,real,true,auto
2359eb76,sft_train,gravity,standard,real,true,auto
23785b83,grpo_holdout,gravity,standard,real,true,auto
23a3d88f,sft_train,gravity,standard,real,true,auto
2407eee3,sft_train,gravity,standard,real,true,auto
2459c775,sft_train,gravity,standard,real,true,auto
24d81e42,sft_train,gravity,standard,real,true,auto
25c1baab,sft_train,gravity,standard,real,true,auto
25fa4c2c,sft_train,gravity,standard,real,true,auto
26518e13,sft_train,gravity,standard,real,true,auto
266100e9,sft_train,gravity,standard,real,true,auto
2673b3cc,sft_train,gravity,standard,real,true,auto
26d4cbc3,sft_train,gravity,standard,real,true,auto
26e2d26a,sft_train,gravity,standard,real,true,auto
2721e036,sft_train,gravity,standard,real,true,auto
277cdbcf,eval_holdout,gravity,standard,real,true,auto
27ca638a,sft_train,gravity,standard,real,true,auto
27d3c9e1,sft_train,gravity,standard,real,true,auto
27da7eaa,sft_train,gravity,standard,real,true,auto
27dd189a,sft_train,gravity,standard,real,true,auto
27f7f84f,sft_train,gravity,standard,real,true,auto
285e5797,sft_train,gravity,standard,real,true,auto
2894ae33,sft_train,gravity,standard,real,true,auto
28b1c508,grpo_holdout,gravity,standard,real,true,auto
28db0ae7,sft_train,gravity,standard,real,true,auto
292ffcee,eval_holdout,gravity,standard,real,true,auto
293cc694,sft_train,gravity,standard,real,true,auto
298d3618,sft_train,gravity,standard,real,true,auto
29a8ac06,sft_train,gravity,standard,real,true,auto
29c5f854,sft_train,gravity,standard,real,true,auto
29e1527c,eval_holdout,gravity,standard,real,true,auto
2a2eb7c2,sft_train,gravity,standard,real,true,auto
2a55bb8d,sft_train,gravity,standard,real,true,auto
2a6a88cd,sft_train,gravity,standard,real,true,auto
2a7e1d11,sft_train,gravity,standard,real,true,auto
2a8ccc8a,sft_train,gravity,standard,real,true,auto
2ae067a8,sft_train,gravity,standard,real,true,auto
2af48539,sft_train,gravity,standard,real,true,auto
2b4de8bd,eval_holdout,gravity,standard,real,true,auto
2b54c39a,sft_train,gravity,standard,real,true,auto
2b6147f7,sft_train,gravity,standard,real,true,auto
2bdf114f,sft_train,gravity,standard,real,true,auto
2bf73df4,sft_train,gravity,standard,real,true,auto
2c34ec23,sft_train,gravity,standard,real,true,auto
2c8c6f91,sft_train,gravity,standard,real,true,auto
2cbb9290,sft_train,gravity,standard,real,true,auto
2cbcd822,sft_train,gravity,standard,real,true,auto
2cdaf13f,sft_train,gravity,standard,real,true,auto
2ce67ec9,sft_train,gravity,standard,real,true,auto
2d1d1cea,sft_train,gravity,standard,real,true,auto
2d23f241,sft_train,gravity,standard,real,true,auto
2d248811,grpo_holdout,gravity,standard,real,true,auto
2d4c4625,sft_train,gravity,standard,real,true,auto
2d4d3fee,grpo_holdout,gravity,standard,real,true,auto
2d7442bf,sft_train,gravity,standard,real,true,auto
2d778157,eval_holdout,gravity,standard,real,true,auto
2da64bb3,sft_train,gravity,standard,real,true,auto
2e53e971,sft_train,gravity,standard,real,true,auto
2e8c188c,sft_train,gravity,standard,real,true,auto
2e8fe403,sft_train,gravity,standard,real,true,auto
2ea26a27,grpo_holdout,gravity,standard,real,true,auto
2f0041de,sft_train,gravity,standard,real,true,auto
2f18b11f,sft_train,gravity,standard,real,true,auto
2f37b967,sft_train,gravity,standard,real,true,auto
2f650779,sft_train,gravity,standard,real,true,auto
2f7b6e82,sft_train,gravity,standard,real,true,auto
2f883df4,sft_train,gravity,standard,real,true,auto
2f90af4d,sft_train,gravity,standard,real,true,auto
2fc515aa,sft_train,gravity,standard,real,true,auto
2fdbd66d,sft_train,gravity,standard,real,true,auto
2ff2a47e,sft_train,gravity,standard,real,true,auto
30227ca4,sft_train,gravity,standard,real,true,auto
3060e3db,sft_train,gravity,standard,real,true,auto
3087b4f9,sft_train,gravity,standard,real,true,auto
309e5491,sft_train,gravity,standard,real,true,auto
30b4543c,sft_train,gravity,standard,real,true,auto
30d70872,sft_train,gravity,standard,real,true,auto
317266c3,sft_train,gravity,standard,real,true,auto
3178caeb,sft_train,gravity,standard,real,true,auto
31ac5131,sft_train,gravity,standard,real,true,auto
31b2c302,sft_train,gravity,standard,real,true,auto
31c04c70,grpo_holdout,gravity,standard,real,true,auto
31ea69a9,sft_train,gravity,standard,real,true,auto
325f705d,sft_train,gravity,standard,real,true,auto
3267f421,sft_train,gravity,standard,real,true,auto
327cb428,eval_holdout,gravity,standard,real,true,auto
32a18e65,grpo_holdout,gravity,standard,real,true,auto
3313fdbe,sft_train,gravity,standard,real,true,auto
331f4d30,sft_train,gravity,standard,real,true,auto
33205207,sft_train,gravity,standard,real,true,auto
336953fa,sft_train,gravity,standard,real,true,auto
337422d3,eval_holdout,gravity,standard,real,true,auto
33ce7ec3,sft_train,gravity,standard,real,true,auto
33eb029a,sft_train,gravity,standard,real,true,auto
341252e5,grpo_holdout,gravity,standard,real,true,auto
3419a4b1,grpo_holdout,gravity,standard,real,true,auto
34390bf1,sft_train,gravity,standard,real,true,auto
3492bb6e,sft_train,gravity,standard,real,true,auto
34bc9341,eval_holdout,gravity,standard,real,true,auto
34eae7f9,sft_train,gravity,standard,real,true,auto
34f49b7d,sft_train,gravity,standard,real,true,auto
34f985b3,grpo_holdout,gravity,standard,real,true,auto
34ffc4b7,grpo_holdout,gravity,standard,real,true,auto
35350568,sft_train,gravity,standard,real,true,auto
3555e175,sft_train,gravity,standard,real,true,auto
357974d4,eval_holdout,gravity,standard,real,true,auto
35aa8b81,eval_holdout,gravity,standard,real,true,auto
35b9db40,sft_train,gravity,standard,real,true,auto
360b6f4e,eval_holdout,gravity,standard,real,true,auto
361284d7,sft_train,gravity,standard,real,true,auto
3632f6d0,sft_train,gravity,standard,real,true,auto
3672cece,sft_train,gravity,standard,real,true,auto
3680d3b9,sft_train,gravity,standard,real,true,auto
3685d906,sft_train,gravity,standard,real,true,auto
368e316c,sft_train,gravity,standard,real,true,auto
3692975d,sft_train,gravity,standard,real,true,auto
37148c4b,sft_train,gravity,standard,real,true,auto
37525eec,sft_train,gravity,standard,real,true,auto
37591952,grpo_holdout,gravity,standard,real,true,auto
37a2babf,sft_train,gravity,standard,real,true,auto
37d970e6,sft_train,gravity,standard,real,true,auto
37e9f5e9,sft_train,gravity,standard,real,true,auto
37fec698,sft_train,gravity,standard,real,true,auto
38203f70,sft_train,gravity,standard,real,true,auto
382b36ce,sft_train,gravity,standard,real,true,auto
382d19a5,sft_train,gravity,standard,real,true,auto
382dccdd,sft_train,gravity,standard,real,true,auto
38857bea,sft_train,gravity,standard,real,true,auto
38c65edb,sft_train,gravity,standard,real,true,auto
38cd9db1,sft_train,gravity,standard,real,true,auto
38d47621,sft_train,gravity,standard,real,true,auto
39425039,sft_train,gravity,standard,real,true,auto
396cc0a0,sft_train,gravity,standard,real,true,auto
397010ac,eval_holdout,gravity,standard,real,true,auto
397d6282,sft_train,gravity,standard,real,true,auto
39e10935,sft_train,gravity,standard,real,true,auto
39fafc6b,sft_train,gravity,standard,real,true,auto
3a1ae7b5,sft_train,gravity,standard,real,true,auto
3a322ba8,sft_train,gravity,standard,real,true,auto
3a36841a,sft_train,gravity,standard,real,true,auto
3a5e3516,sft_train,gravity,standard,real,true,auto
3a6e7b0b,sft_train,gravity,standard,real,true,auto
3a77dee7,sft_train,gravity,standard,real,true,auto
3a9032bc,eval_holdout,gravity,standard,real,true,auto
3abae1d9,sft_train,gravity,standard,real,true,auto
3abbb73b,sft_train,gravity,standard,real,true,auto
3b02c66d,sft_train,gravity,standard,real,true,auto
3b411a49,sft_train,gravity,standard,real,true,auto
3b52fe81,sft_train,gravity,standard,real,true,auto
3b68fc1a,sft_train,gravity,standard,real,true,auto
3bbc5f94,sft_train,gravity,standard,real,true,auto
3c53c8af,sft_train,gravity,standard,real,true,auto
3c560935,sft_train,gravity,standard,real,true,auto
3cee428b,sft_train,gravity,standard,real,true,auto
3d0322e6,sft_train,gravity,standard,real,true,auto
3d135d03,sft_train,gravity,standard,real,true,auto
3d2a57eb,eval_holdout,gravity,standard,real,true,auto
3d6a080f,eval_holdout,gravity,standard,real,true,auto
3d7176ac,sft_train,gravity,standard,real,true,auto
3dbbbe28,sft_train,gravity,standard,real,true,auto
3dcf15e1,eval_holdout,gravity,standard,real,true,auto
3dd5fcd2,grpo_holdout,gravity,standard,real,true,auto
3e169057,sft_train,gravity,standard,real,true,auto
3e185a44,sft_train,gravity,standard,real,true,auto
3e1f5c42,sft_train,gravity,standard,real,true,auto
3e46f10f,sft_train,gravity,standard,real,true,auto
3e4fdced,sft_train,gravity,standard,real,true,auto
3ea413e6,sft_train,gravity,standard,real,true,auto
3ebf5ff5,sft_train,gravity,standard,real,true,auto
3ee2b186,sft_train,gravity,standard,real,true,auto
3ff1ea92,sft_train,gravity,standard,real,true,auto
4001b78e,sft_train,gravity,standard,real,true,auto
4020e3cc,sft_train,gravity,standard,real,true,auto
4032cd69,sft_train,gravity,standard,real,true,auto
404f84df,sft_train,gravity,standard,real,true,auto
40ad5039,grpo_holdout,gravity,standard,real,true,auto
411a11d5,sft_train,gravity,standard,real,true,auto
412fba4c,sft_train,gravity,standard,real,true,auto
415910a5,sft_train,gravity,standard,real,true,auto
41d02358,eval_holdout,gravity,standard,real,true,auto
4246eb0b,sft_train,gravity,standard,real,true,auto
4265fac8,sft_train,gravity,standard,real,true,auto
4292f351,sft_train,gravity,standard,real,true,auto
42fee270,sft_train,gravity,standard,real,true,auto
432df718,sft_train,gravity,standard,real,true,auto
4358c014,sft_train,gravity,standard,real,true,auto
435cf017,sft_train,gravity,standard,real,true,auto
436cc2ef,sft_train,gravity,standard,real,true,auto
437acd17,sft_train,gravity,standard,real,true,auto
43838649,sft_train,gravity,standard,real,true,auto
439c723a,sft_train,gravity,standard,real,true,auto
43d2b2a6,sft_train,gravity,standard,real,true,auto
43d3fe37,sft_train,gravity,standard,real,true,auto
443adb63,sft_train,gravity,standard,real,true,auto
4440e09b,sft_train,gravity,standard,real,true,auto
44415184,sft_train,gravity,standard,real,true,auto
44719fbe,sft_train,gravity,standard,real,true,auto
44887d2a,grpo_holdout,gravity,standard,real,true,auto
448d808e,sft_train,gravity,standard,real,true,auto
44c12875,sft_train,gravity,standard,real,true,auto
44c71228,grpo_holdout,gravity,standard,real,true,auto
44cbca9c,eval_holdout,gravity,standard,real,true,auto
44dbe7d3,sft_train,gravity,standard,real,true,auto
4513f03e,grpo_holdout,gravity,standard,real,true,auto
457592c4,sft_train,gravity,standard,real,true,auto
45c156ec,eval_holdout,gravity,standard,real,true,auto
4601649f,eval_holdout,gravity,standard,real,true,auto
46614702,sft_train,gravity,standard,real,true,auto
4688f0fa,grpo_holdout,gravity,standard,real,true,auto
4694c386,sft_train,gravity,standard,real,true,auto
46a8a0fc,sft_train,gravity,standard,real,true,auto
46c21917,sft_train,gravity,standard,real,true,auto
46ca6181,sft_train,gravity,standard,real,true,auto
46f8f53b,eval_holdout,gravity,standard,real,true,auto
46fee0ee,sft_train,gravity,standard,real,true,auto
4707a5ad,grpo_holdout,gravity,standard,real,true,auto
471dd348,sft_train,gravity,standard,real,true,auto
4724b23b,grpo_holdout,gravity,standard,real,true,auto
47503c66,sft_train,gravity,standard,real,true,auto
4789fb9c,grpo_holdout,gravity,standard,real,true,auto
4798cfa9,sft_train,gravity,standard,real,true,auto
479e86b4,sft_train,gravity,standard,real,true,auto
47a196a5,sft_train,gravity,standard,real,true,auto
47a42bf5,sft_train,gravity,standard,real,true,auto
47e63612,sft_train,gravity,standard,real,true,auto
47eeca75,grpo_holdout,gravity,standard,real,true,auto
480779d8,sft_train,gravity,standard,real,true,auto
4814bbd2,sft_train,gravity,standard,real,true,auto
4833ba87,eval_holdout,gravity,standard,real,true,auto
48515906,sft_train,gravity,standard,real,true,auto
4860cd48,sft_train,gravity,standard,real,true,auto
486b3c3f,sft_train,gravity,standard,real,true,auto
487ae36f,sft_train,gravity,standard,real,true,auto
487f62c4,sft_train,gravity,standard,real,true,auto
489ffff9,grpo_holdout,gravity,standard,real,true,auto
48c49778,sft_train,gravity,standard,real,true,auto
48eb12dd,eval_holdout,gravity,standard,real,true,auto
48ef22ca,grpo_holdout,gravity,standard,real,true,auto
495d0bf6,sft_train,gravity,standard,real,true,auto
49a13c0b,eval_holdout,gravity,standard,real,true,auto
49c79cfa,sft_train,gravity,standard,real,true,auto
4a0b1e96,sft_train,gravity,standard,real,true,auto
4a38c4e6,sft_train,gravity,standard,real,true,auto
4a3e25a7,sft_train,gravity,standard,real,true,auto
4abfaa9f,grpo_holdout,gravity,standard,real,true,auto
4ac135be,sft_train,gravity,standard,real,true,auto
4b39e8d5,sft_train,gravity,standard,real,true,auto
4b97377e,sft_train,gravity,standard,real,true,auto
4b9e883a,sft_train,gravity,standard,real,true,auto
4bef9829,sft_train,gravity,standard,real,true,auto
4c304942,sft_train,gravity,standard,real,true,auto
4c34cc0a,sft_train,gravity,standard,real,true,auto
4c718602,eval_holdout,gravity,standard,real,true,auto
4cae71c7,sft_train,gravity,standard,real,true,auto
4cd4cbb7,sft_train,gravity,standard,real,true,auto
4d1c6ed4,eval_holdout,gravity,standard,real,true,auto
4d391f8a,sft_train,gravity,standard,real,true,auto
4d553c01,sft_train,gravity,standard,real,true,auto
4da033da,eval_holdout,gravity,standard,real,true,auto
4dfe46a4,sft_train,gravity,standard,real,true,auto
4e00d99b,sft_train,gravity,standard,real,true,auto
4e01d71a,eval_holdout,gravity,standard,real,true,auto
4e126c61,sft_train,gravity,standard,real,true,auto
4e27b6d2,sft_train,gravity,standard,real,true,auto
4e2a7ef6,sft_train,gravity,standard,real,true,auto
4e756f32,eval_holdout,gravity,standard,real,true,auto
4ea59c57,sft_train,gravity,standard,real,true,auto
4ed8b06a,sft_train,gravity,standard,real,true,auto
4f19e09b,sft_train,gravity,standard,real,true,auto
4f655edc,grpo_holdout,gravity,standard,real,true,auto
4f842c6a,sft_train,gravity,standard,real,true,auto
4f958913,sft_train,gravity,standard,real,true,auto
4fe5e805,sft_train,gravity,standard,real,true,auto
50070c1d,grpo_holdout,gravity,standard,real,true,auto
50153aff,sft_train,gravity,standard,real,true,auto
501cec83,eval_holdout,gravity,standard,real,true,auto
501e6f4f,sft_train,gravity,standard,real,true,auto
507c634f,eval_holdout,gravity,standard,real,true,auto
50ea5164,sft_train,gravity,standard,real,true,auto
50eab1a0,eval_holdout,gravity,standard,real,true,auto
511560ac,sft_train,gravity,standard,real,true,auto
5116e8ec,sft_train,gravity,standard,real,true,auto
5119d42d,grpo_holdout,gravity,standard,real,true,auto
511eba58,sft_train,gravity,standard,real,true,auto
514f5f12,sft_train,gravity,standard,real,true,auto
517c7ec8,sft_train,gravity,standard,real,true,auto
51ac2b8c,sft_train,gravity,standard,real,true,auto
51ccb149,sft_train,gravity,standard,real,true,auto
51ff6cdb,sft_train,gravity,standard,real,true,auto
52363caa,sft_train,gravity,standard,real,true,auto
528d915e,sft_train,gravity,standard,real,true,auto
52ac27f0,sft_train,gravity,standard,real,true,auto
52f83b1c,sft_train,gravity,standard,real,true,auto
5300b2d9,sft_train,gravity,standard,real,true,auto
53738ef7,sft_train,gravity,standard,real,true,auto
53aca3d8,sft_train,gravity,standard,real,true,auto
53bcb446,sft_train,gravity,standard,real,true,auto
5415cc20,sft_train,gravity,standard,real,true,auto
542f0793,sft_train,gravity,standard,real,true,auto
543af90d,sft_train,gravity,standard,real,true,auto
5479f05a,sft_train,gravity,standard,real,true,auto
54a20616,sft_train,gravity,standard,real,true,auto
54a9a1d3,sft_train,gravity,standard,real,true,auto
55233aeb,sft_train,gravity,standard,real,true,auto
552ddd9b,sft_train,gravity,standard,real,true,auto
553cb8ee,sft_train,gravity,standard,real,true,auto
5540e7c5,grpo_holdout,gravity,standard,real,true,auto
554e3ed8,eval_holdout,gravity,standard,real,true,auto
5554ce0c,sft_train,gravity,standard,real,true,auto
5561481f,grpo_holdout,gravity,standard,real,true,auto
557371be,grpo_holdout,gravity,standard,real,true,auto
55dd52a9,eval_holdout,gravity,standard,real,true,auto
5600ed7c,sft_train,gravity,standard,real,true,auto
560b2396,sft_train,gravity,standard,real,true,auto
560ff26d,grpo_holdout,gravity,standard,real,true,auto
56233698,sft_train,gravity,standard,real,true,auto
5657b059,grpo_holdout,gravity,standard,real,true,auto
565bc498,sft_train,gravity,standard,real,true,auto
5674eb77,sft_train,gravity,standard,real,true,auto
56b1e037,sft_train,gravity,standard,real,true,auto
572053c7,grpo_holdout,gravity,standard,real,true,auto
5733540b,sft_train,gravity,standard,real,true,auto
57f8b8c6,sft_train,gravity,standard,real,true,auto
58350cd5,sft_train,gravity,standard,real,true,auto
584f14b2,sft_train,gravity,standard,real,true,auto
58608a50,sft_train,gravity,standard,real,true,auto
58e63752,sft_train,gravity,standard,real,true,auto
58f6b6a7,sft_train,gravity,standard,real,true,auto
5902a5f8,sft_train,gravity,standard,real,true,auto
59148e34,sft_train,gravity,standard,real,true,auto
59231084,sft_train,gravity,standard,real,true,auto
5935abb1,grpo_holdout,gravity,standard,real,true,auto
5957f4e5,sft_train,gravity,standard,real,true,auto
596a2690,sft_train,gravity,standard,real,true,auto
59aa67c2,sft_train,gravity,standard,real,true,auto
59ee7180,sft_train,gravity,standard,real,true,auto
59f2d306,sft_train,gravity,standard,real,true,auto
59f9b417,grpo_holdout,gravity,standard,real,true,auto
5a4be7fa,eval_holdout,gravity,standard,real,true,auto
5ad35676,sft_train,gravity,standard,real,true,auto
5b30b755,sft_train,gravity,standard,real,true,auto
5b3a830a,sft_train,gravity,standard,real,true,auto
5b43f7fc,sft_train,gravity,standard,real,true,auto
5b44ebd7,sft_train,gravity,standard,real,true,auto
5b9c7d54,sft_train,gravity,standard,real,true,auto
5c102449,sft_train,gravity,standard,real,true,auto
5c3be436,sft_train,gravity,standard,real,true,auto
5c5c570e,sft_train,gravity,standard,real,true,auto
5c66563b,sft_train,gravity,standard,real,true,auto
5c69e4c6,sft_train,gravity,standard,real,true,auto
5c7d8aed,sft_train,gravity,standard,real,true,auto
5c880dbc,sft_train,gravity,standard,real,true,auto
5cfa6edb,eval_holdout,gravity,standard,real,true,auto
5da3df62,sft_train,gravity,standard,real,true,auto
5ddaa052,sft_train,gravity,standard,real,true,auto
5e6ee1d9,sft_train,gravity,standard,real,true,auto
5ea6d59c,sft_train,gravity,standard,real,true,auto
5eab0201,sft_train,gravity,standard,real,true,auto
5eb5a358,sft_train,gravity,standard,real,true,auto
5ec07eeb,sft_train,gravity,standard,real,true,auto
5ee3b148,grpo_holdout,gravity,standard,real,true,auto
5ee5d302,sft_train,gravity,standard,real,true,auto
5ef0cc1c,sft_train,gravity,standard,real,true,auto
5f06f595,sft_train,gravity,standard,real,true,auto
5f5803c5,sft_train,gravity,standard,real,true,auto
5f6ca19f,sft_train,gravity,standard,real,true,auto
5f79a0ce,sft_train,gravity,standard,real,true,auto
5fa53d16,sft_train,gravity,standard,real,true,auto
5fbcebc2,grpo_holdout,gravity,standard,real,true,auto
5fd417b3,eval_holdout,gravity,standard,real,true,auto
5fe169fc,sft_train,gravity,standard,real,true,auto
60274ab3,sft_train,gravity,standard,real,true,auto
602a588b,sft_train,gravity,standard,real,true,auto
606b92c0,sft_train,gravity,standard,real,true,auto
60be7db6,sft_train,gravity,standard,real,true,auto
60d19850,eval_holdout,gravity,standard,real,true,auto
60db6fdd,sft_train,gravity,standard,real,true,auto
60f9cba9,sft_train,gravity,standard,real,true,auto
60fba75b,sft_train,gravity,standard,real,true,auto
618c69cb,eval_holdout,gravity,standard,real,true,auto
619e00cc,sft_train,gravity,standard,real,true,auto
62082106,sft_train,gravity,standard,real,true,auto
6221b30e,sft_train,gravity,standard,real,true,auto
6234d6d9,sft_train,gravity,standard,real,true,auto
62380ed2,sft_train,gravity,standard,real,true,auto
623af32d,sft_train,gravity,standard,real,true,auto
625b7e5d,sft_train,gravity,standard,real,true,auto
62945ac6,sft_train,gravity,standard,real,true,auto
629d619c,sft_train,gravity,standard,real,true,auto
62c58f4b,sft_train,gravity,standard,real,true,auto
62def62f,sft_train,gravity,standard,real,true,auto
62fc1b1f,sft_train,gravity,standard,real,true,auto
63316c38,sft_train,gravity,standard,real,true,auto
634ebedf,sft_train,gravity,standard,real,true,auto
63588047,sft_train,gravity,standard,real,true,auto
635fea7c,sft_train,gravity,standard,real,true,auto
63a030aa,sft_train,gravity,standard,real,true,auto
63e8b2d5,eval_holdout,gravity,standard,real,true,auto
640acd9c,sft_train,gravity,standard,real,true,auto
64128659,sft_train,gravity,standard,real,true,auto
645fe504,sft_train,gravity,standard,real,true,auto
647e3c1b,sft_train,gravity,standard,real,true,auto
6488eec9,sft_train,gravity,standard,real,true,auto
649c2246,sft_train,gravity,standard,real,true,auto
64bbf892,sft_train,gravity,standard,real,true,auto
65044291,sft_train,gravity,standard,real,true,auto
6540cf61,eval_holdout,gravity,standard,real,true,auto
65a42d6a,sft_train,gravity,standard,real,true,auto
6606d605,sft_train,gravity,standard,real,true,auto
660fc103,sft_train,gravity,standard,real,true,auto
6659ec00,eval_holdout,gravity,standard,real,true,auto
66617764,sft_train,gravity,standard,real,true,auto
667e6f1a,grpo_holdout,gravity,standard,real,true,auto
66ae2b46,sft_train,gravity,standard,real,true,auto
66b1cf74,grpo_holdout,gravity,standard,real,true,auto
66d1e998,sft_train,gravity,standard,real,true,auto
66df03f5,sft_train,gravity,standard,real,true,auto
66e4acb6,sft_train,gravity,standard,real,true,auto
66e8ea1d,sft_train,gravity,standard,real,true,auto
66e931de,sft_train,gravity,standard,real,true,auto
66f26118,sft_train,gravity,standard,real,true,auto
6735003f,sft_train,gravity,standard,real,true,auto
676d7150,sft_train,gravity,standard,real,true,auto
67760414,sft_train,gravity,standard,real,true,auto
67988b7f,sft_train,gravity,standard,real,true,auto
6799cb43,sft_train,gravity,standard,real,true,auto
679b5ccf,sft_train,gravity,standard,real,true,auto
67b4058c,sft_train,gravity,standard,real,true,auto
67d9c7d1,sft_train,gravity,standard,real,true,auto
680b8642,sft_train,gravity,standard,real,true,auto
680b97a2,sft_train,gravity,standard,real,true,auto
68450646,eval_holdout,gravity,standard,real,true,auto
684d50d4,grpo_holdout,gravity,standard,real,true,auto
6876804c,sft_train,gravity,standard,real,true,auto
6889e19c,sft_train,gravity,standard,real,true,auto
68b3dc9a,sft_train,gravity,standard,real,true,auto
68c5c2a5,sft_train,gravity,standard,real,true,auto
68d2848b,sft_train,gravity,standard,real,true,auto
69030119,sft_train,gravity,standard,real,true,auto
6904934e,sft_train,gravity,standard,real,true,auto
697f134b,sft_train,gravity,standard,real,true,auto
69ada2b1,sft_train,gravity,standard,real,true,auto
69b41f8c,sft_train,gravity,standard,real,true,auto
6ad90163,sft_train,gravity,standard,real,true,auto
6aea9876,eval_holdout,gravity,standard,real,true,auto
6af07300,sft_train,gravity,standard,real,true,auto
6b01cc50,sft_train,gravity,standard,real,true,auto
6b0e997f,sft_train,gravity,standard,real,true,auto
6b182424,sft_train,gravity,standard,real,true,auto
6b3616b5,sft_train,gravity,standard,real,true,auto
6b3f1b31,sft_train,gravity,standard,real,true,auto
6bca2607,sft_train,gravity,standard,real,true,auto
6bf09c5e,sft_train,gravity,standard,real,true,auto
6c662a0c,sft_train,gravity,standard,real,true,auto
6c6f1905,sft_train,gravity,standard,real,true,auto
6c6f9519,sft_train,gravity,standard,real,true,auto
6ca70b35,sft_train,gravity,standard,real,true,auto
6cdcf6d9,grpo_holdout,gravity,standard,real,true,auto
6cec77c9,sft_train,gravity,standard,real,true,auto
6cfb1f29,sft_train,gravity,standard,real,true,auto
6d1e50f7,eval_holdout,gravity,standard,real,true,auto
6d30152f,sft_train,gravity,standard,real,true,auto
6d32ffae,eval_holdout,gravity,standard,real,true,auto
6d4c44d1,sft_train,gravity,standard,real,true,auto
6d93a375,grpo_holdout,gravity,standard,real,true,auto
6df12964,sft_train,gravity,standard,real,true,auto
6df4b5e1,sft_train,gravity,standard,real,true,auto
6e44fdb5,sft_train,gravity,standard,real,true,auto
6eb182f1,sft_train,gravity,standard,real,true,auto
6ed58b4e,sft_train,gravity,standard,real,true,auto
6ee4b565,sft_train,gravity,standard,real,true,auto
6eefcd21,sft_train,gravity,standard,real,true,auto
6ef038ef,grpo_holdout,gravity,standard,real,true,auto
6ef133e6,sft_train,gravity,standard,real,true,auto
6f3a0625,sft_train,gravity,standard,real,true,auto
6f3ba33d,sft_train,gravity,standard,real,true,auto
6f59b884,sft_train,gravity,standard,real,true,auto
703b3d10,sft_train,gravity,standard,real,true,auto
7054453b,sft_train,gravity,standard,real,true,auto
70f76d59,sft_train,gravity,standard,real,true,auto
7137999a,sft_train,gravity,standard,real,true,auto
71391d1f,sft_train,gravity,standard,real,true,auto
71621827,sft_train,gravity,standard,real,true,auto
71b8525d,sft_train,gravity,standard,real,true,auto
71fc0560,sft_train,gravity,standard,real,true,auto
72623f09,sft_train,gravity,standard,real,true,auto
72d5e890,sft_train,gravity,standard,real,true,auto
72e80455,sft_train,gravity,standard,real,true,auto
7322535e,sft_train,gravity,standard,real,true,auto
735169d7,sft_train,gravity,standard,real,true,auto
736cdc47,sft_train,gravity,standard,real,true,auto
738d1803,sft_train,gravity,standard,real,true,auto
73955ecf,sft_train,gravity,standard,real,true,auto
73a82df5,eval_holdout,gravity,standard,real,true,auto
73f98498,sft_train,gravity,standard,real,true,auto
74515acf,grpo_holdout,gravity,standard,real,true,auto
74a50b2c,sft_train,gravity,standard,real,true,auto
74f66f4c,sft_train,gravity,standard,real,true,auto
75161f7e,sft_train,gravity,standard,real,true,auto
7527104b,sft_train,gravity,standard,real,true,auto
7555bb51,sft_train,gravity,standard,real,true,auto
755ade1a,sft_train,gravity,standard,real,true,auto
75644d4a,sft_train,gravity,standard,real,true,auto
7588365a,grpo_holdout,gravity,standard,real,true,auto
758d3a83,sft_train,gravity,standard,real,true,auto
7595a683,sft_train,gravity,standard,real,true,auto
759d7b6d,sft_train,gravity,standard,real,true,auto
75a8d99a,sft_train,gravity,standard,real,true,auto
75f339e2,grpo_holdout,gravity,standard,real,true,auto
7609c01e,grpo_holdout,gravity,standard,real,true,auto
762701da,sft_train,gravity,standard,real,true,auto
765c19ab,eval_holdout,gravity,standard,real,true,auto
76983293,sft_train,gravity,standard,real,true,auto
769d2bde,sft_train,gravity,standard,real,true,auto
76a0c79a,sft_train,gravity,standard,real,true,auto
76c60d62,grpo_holdout,gravity,standard,real,true,auto
76cd9376,sft_train,gravity,standard,real,true,auto
76d51969,sft_train,gravity,standard,real,true,auto
76f3250f,sft_train,gravity,standard,real,true,auto
76f535d3,sft_train,gravity,standard,real,true,auto
77665807,sft_train,gravity,standard,real,true,auto
7781eb75,sft_train,gravity,standard,real,true,auto
779e363e,sft_train,gravity,standard,real,true,auto
779f2f4a,sft_train,gravity,standard,real,true,auto
77c410ac,sft_train,gravity,standard,real,true,auto
77f7d1e9,sft_train,gravity,standard,real,true,auto
780d3ceb,grpo_holdout,gravity,standard,real,true,auto
788601f7,sft_train,gravity,standard,real,true,auto
78ee6d59,sft_train,gravity,standard,real,true,auto
794d0a6d,sft_train,gravity,standard,real,true,auto
7973ccd8,sft_train,gravity,standard,real,true,auto
7a39cbcd,sft_train,gravity,standard,real,true,auto
7a4744f6,eval_holdout,gravity,standard,real,true,auto
7a895e9c,eval_holdout,gravity,standard,real,true,auto
7ab01f65,sft_train,gravity,standard,real,true,auto
7ab7b63d,sft_train,gravity,standard,real,true,auto
7ae46d52,sft_train,gravity,standard,real,true,auto
7b060b56,sft_train,gravity,standard,real,true,auto
7b0766ff,sft_train,gravity,standard,real,true,auto
7b3b37d5,sft_train,gravity,standard,real,true,auto
7b47f88d,sft_train,gravity,standard,real,true,auto
7b9c21ea,sft_train,gravity,standard,real,true,auto
7bc73bd1,sft_train,gravity,standard,real,true,auto
7bc77ef3,grpo_holdout,gravity,standard,real,true,auto
7c0a61a9,eval_holdout,gravity,standard,real,true,auto
7c30fc77,grpo_holdout,gravity,standard,real,true,auto
7c3a313c,grpo_holdout,gravity,standard,real,true,auto
7c68cc31,sft_train,gravity,standard,real,true,auto
7cf481af,sft_train,gravity,standard,real,true,auto
7d30aa09,grpo_holdout,gravity,standard,real,true,auto
7d5a62f0,sft_train,gravity,standard,real,true,auto
7d6d58a3,sft_train,gravity,standard,real,true,auto
7d7e9602,sft_train,gravity,standard,real,true,auto
7dc294d8,sft_train,gravity,standard,real,true,auto
7dc2bd2d,sft_train,gravity,standard,real,true,auto
7dd5d514,sft_train,gravity,standard,real,true,auto
7dd9334d,grpo_holdout,gravity,standard,real,true,auto
7e26adf6,sft_train,gravity,standard,real,true,auto
7e3e574b,sft_train,gravity,standard,real,true,auto
7e47c718,sft_train,gravity,standard,real,true,auto
7eb35361,sft_train,gravity,standard,real,true,auto
7ee39525,sft_train,gravity,standard,real,true,auto
7f2e9684,sft_train,gravity,standard,real,true,auto
7f693bf8,sft_train,gravity,standard,real,true,auto
7f8b8c7c,sft_train,gravity,standard,real,true,auto
7ff1a44d,sft_train,gravity,standard,real,true,auto
80076e4c,sft_train,gravity,standard,real,true,auto
801816a0,eval_holdout,gravity,standard,real,true,auto
80311ce2,sft_train,gravity,standard,real,true,auto
803e5dd1,sft_train,gravity,standard,real,true,auto
805242d9,sft_train,gravity,standard,real,true,auto
80761f89,sft_train,gravity,standard,real,true,auto
80ac5a9f,sft_train,gravity,standard,real,true,auto
81042133,sft_train,gravity,standard,real,true,auto
811a97f4,sft_train,gravity,standard,real,true,auto
81385151,sft_train,gravity,standard,real,true,auto
8138d35c,sft_train,gravity,standard,real,true,auto
814b1fef,sft_train,gravity,standard,real,true,auto
815f4dc5,grpo_holdout,gravity,standard,real,true,auto
8164b9a1,sft_train,gravity,standard,real,true,auto
8171b6d9,sft_train,gravity,standard,real,true,auto
819c48f8,sft_train,gravity,standard,real,true,auto
824c9c37,sft_train,gravity,standard,real,true,auto
8266c488,sft_train,gravity,standard,real,true,auto
827a6b1b,sft_train,gravity,standard,real,true,auto
82be0b50,grpo_holdout,gravity,standard,real,true,auto
82e5ffe6,sft_train,gravity,standard,real,true,auto
830cce4f,sft_train,gravity,standard,real,true,auto
832732a8,sft_train,gravity,standard,real,true,auto
83428303,grpo_holdout,gravity,standard,real,true,auto
8387401f,sft_train,gravity,standard,real,true,auto
83a2d3e7,sft_train,gravity,standard,real,true,auto
83dcb60d,eval_holdout,gravity,standard,real,true,auto
8405e016,sft_train,gravity,standard,real,true,auto
842bd6bf,sft_train,gravity,standard,real,true,auto
843617ae,sft_train,gravity,standard,real,true,auto
84443cbe,sft_train,gravity,standard,real,true,auto
8471932e,sft_train,gravity,standard,real,true,auto
84ca908f,sft_train,gravity,standard,real,true,auto
84e9f6ff,sft_train,gravity,standard,real,true,auto
8526a49d,eval_holdout,gravity,standard,real,true,auto
853849cc,eval_holdout,gravity,standard,real,true,auto
853a0e3b,sft_train,gravity,standard,real,true,auto
85668c7e,sft_train,gravity,standard,real,true,auto
8582e414,sft_train,gravity,standard,real,true,auto
85a2e557,sft_train,gravity,standard,real,true,auto
85bc954c,sft_train,gravity,standard,real,true,auto
85e52efe,sft_train,gravity,standard,real,true,auto
86b8f246,sft_train,gravity,standard,real,true,auto
86c05d22,eval_holdout,gravity,standard,real,true,auto
875a4b4b,sft_train,gravity,standard,real,true,auto
878b30a1,sft_train,gravity,standard,real,true,auto
8795cc4c,sft_train,gravity,standard,real,true,auto
87bc4751,sft_train,gravity,standard,real,true,auto
87cc5c99,sft_train,gravity,standard,real,true,auto
87df28a6,sft_train,gravity,standard,real,true,auto
87eb7ce0,sft_train,gravity,standard,real,true,auto
884c4632,sft_train,gravity,standard,real,true,auto
8866c3fa,sft_train,gravity,standard,real,true,auto
88c170e5,sft_train,gravity,standard,real,true,auto
88e37622,sft_train,gravity,standard,real,true,auto
89372649,sft_train,gravity,standard,real,true,auto
89af5175,sft_train,gravity,standard,real,true,auto
89b232e6,sft_train,gravity,standard,real,true,auto
89cdf173,sft_train,gravity,standard,real,true,auto
89e9c89d,sft_train,gravity,standard,real,true,auto
89ec16a8,sft_train,gravity,standard,real,true,auto
89eef865,grpo_holdout,gravity,standard,real,true,auto
89f164d6,sft_train,gravity,standard,real,true,auto
8a0c67a5,sft_train,gravity,standard,real,true,auto
8a24aef9,sft_train,gravity,standard,real,true,auto
8a2c5a6a,sft_train,gravity,standard,real,true,auto
8a345538,grpo_holdout,gravity,standard,real,true,auto
8a6d10b1,grpo_holdout,gravity,standard,real,true,auto
8a9ad640,eval_holdout,gravity,standard,real,true,auto
8ab01aff,eval_holdout,gravity,standard,real,true,auto
8aeb5015,sft_train,gravity,standard,real,true,auto
8afb53aa,sft_train,gravity,standard,real,true,auto
8b0a6cdf,sft_train,gravity,standard,real,true,auto
8b1925e2,sft_train,gravity,standard,real,true,auto
8b226055,sft_train,gravity,standard,real,true,auto
8b47cb08,sft_train,gravity,standard,real,true,auto
8b929fd5,sft_train,gravity,standard,real,true,auto
8bbb6458,sft_train,gravity,standard,real,true,auto
8c36a40e,sft_train,gravity,standard,real,true,auto
8c3ca7dc,grpo_holdout,gravity,standard,real,true,auto
8c5d40ea,sft_train,gravity,standard,real,true,auto
8c633efd,sft_train,gravity,standard,real,true,auto
8c9e95a4,sft_train,gravity,standard,real,true,auto
8caa94ef,sft_train,gravity,standard,real,true,auto
8cba814f,eval_holdout,gravity,standard,real,true,auto
8d5d4262,sft_train,gravity,standard,real,true,auto
8de57d95,sft_train,gravity,standard,real,true,auto
8de7d8bc,sft_train,gravity,standard,real,true,auto
8e2b3c1c,sft_train,gravity,standard,real,true,auto
8e424099,sft_train,gravity,standard,real,true,auto
8e438ef9,sft_train,gravity,standard,real,true,auto
8e453b3c,sft_train,gravity,standard,real,true,auto
8e6bc995,eval_holdout,gravity,standard,real,true,auto
8e922a3a,sft_train,gravity,standard,real,true,auto
8eaf760c,sft_train,gravity,standard,real,true,auto
8ec8d10c,sft_train,gravity,standard,real,true,auto
8ece2bda,sft_train,gravity,standard,real,true,auto
8ed96b4b,sft_train,gravity,standard,real,true,auto
8ee54e57,sft_train,gravity,standard,real,true,auto
8ee7d06b,eval_holdout,gravity,standard,real,true,auto
8eecb224,sft_train,gravity,standard,real,true,auto
8f0bc390,sft_train,gravity,standard,real,true,auto
8f3472fb,sft_train,gravity,standard,real,true,auto
8f92faa3,sft_train,gravity,standard,real,true,auto
8f99dff1,sft_train,gravity,standard,real,true,auto
8fc9cb66,sft_train,gravity,standard,real,true,auto
8fea2d50,sft_train,gravity,standard,real,true,auto
8ffacd86,sft_train,gravity,standard,real,true,auto
900babfc,sft_train,gravity,standard,real,true,auto
9029034d,eval_holdout,gravity,standard,real,true,auto
9048af97,sft_train,gravity,standard,real,true,auto
90562bc5,sft_train,gravity,standard,real,true,auto
90646dad,sft_train,gravity,standard,real,true,auto
90861ae9,sft_train,gravity,standard,real,true,auto
909ef49e,sft_train,gravity,standard,real,true,auto
90afd579,sft_train,gravity,standard,real,true,auto
90e1432a,sft_train,gravity,standard,real,true,auto
90e3587c,sft_train,gravity,standard,real,true,auto
90e49c68,sft_train,gravity,standard,real,true,auto
90e893ac,sft_train,gravity,standard,real,true,auto
9114cb5f,eval_holdout,gravity,standard,real,true,auto
91258006,grpo_holdout,gravity,standard,real,true,auto
91495230,sft_train,gravity,standard,real,true,auto
918034e5,sft_train,gravity,standard,real,true,auto
9187bf33,sft_train,gravity,standard,real,true,auto
919105c2,sft_train,gravity,standard,real,true,auto
924ffdf9,eval_holdout,gravity,standard,real,true,auto
92528df4,sft_train,gravity,standard,real,true,auto
927847fe,sft_train,gravity,standard,real,true,auto
9307d2e8,sft_train,gravity,standard,real,true,auto
930c9727,grpo_holdout,gravity,standard,real,true,auto
9328d73e,eval_holdout,gravity,standard,real,true,auto
935022fa,sft_train,gravity,standard,real,true,auto
939e0622,eval_holdout,gravity,standard,real,true,auto
94019d17,sft_train,gravity,standard,real,true,auto
94579d00,sft_train,gravity,standard,real,true,auto
949ac040,sft_train,gravity,standard,real,true,auto
954c46bc,sft_train,gravity,standard,real,true,auto
954fc1ee,sft_train,gravity,standard,real,true,auto
96040a6a,sft_train,gravity,standard,real,true,auto
96237140,sft_train,gravity,standard,real,true,auto
964c8468,grpo_holdout,gravity,standard,real,true,auto
96837558,grpo_holdout,gravity,standard,real,true,auto
96e36a3c,sft_train,gravity,standard,real,true,auto
97996a26,sft_train,gravity,standard,real,true,auto
979c0b0e,sft_train,gravity,standard,real,true,auto
97d0bad8,sft_train,gravity,standard,real,true,auto
97d27023,sft_train,gravity,standard,real,true,auto
97dfb47a,grpo_holdout,gravity,standard,real,true,auto
97dfd0f2,eval_holdout,gravity,standard,real,true,auto
97f56035,sft_train,gravity,standard,real,true,auto
9800b586,sft_train,gravity,standard,real,true,auto
9846834b,sft_train,gravity,standard,real,true,auto
985002a4,sft_train,gravity,standard,real,true,auto
98856799,sft_train,gravity,standard,real,true,auto
9890b6cd,sft_train,gravity,standard,real,true,auto
98ad2572,sft_train,gravity,standard,real,true,auto
98e87fe2,sft_train,gravity,standard,real,true,auto
996b88d6,eval_holdout,gravity,standard,real,true,auto
997cb58d,sft_train,gravity,standard,real,true,auto
99a29da0,grpo_holdout,gravity,standard,real,true,auto
99db27c6,sft_train,gravity,standard,real,true,auto
99e9a1d9,sft_train,gravity,standard,real,true,auto
9a0de9c4,sft_train,gravity,standard,real,true,auto
9a8dffb6,sft_train,gravity,standard,real,true,auto
9a919910,sft_train,gravity,standard,real,true,auto
9b183a23,sft_train,gravity,standard,real,true,auto
9b27c791,sft_train,gravity,standard,real,true,auto
9b8b99ae,sft_train,gravity,standard,real,true,auto
9b9ccb27,sft_train,gravity,standard,real,true,auto
9bcd3eea,eval_holdout,gravity,standard,real,true,auto
9bd0e2f9,sft_train,gravity,standard,real,true,auto
9bd747ec,sft_train,gravity,standard,real,true,auto
9bddd8d4,sft_train,gravity,standard,real,true,auto
9be2a93a,sft_train,gravity,standard,real,true,auto
9bee3f4d,eval_holdout,gravity,standard,real,true,auto
9c0f518e,sft_train,gravity,standard,real,true,auto
9c99c184,sft_train,gravity,standard,real,true,auto
9ccbf65c,sft_train,gravity,standard,real,true,auto
9cd0e3e2,sft_train,gravity,standard,real,true,auto
9d50fd40,sft_train,gravity,standard,real,true,auto
9da4282a,sft_train,gravity,standard,real,true,auto
9db0f169,sft_train,gravity,standard,real,true,auto
9db488f0,sft_train,gravity,standard,real,true,auto
9ddcb69d,sft_train,gravity,standard,real,true,auto
9de10496,sft_train,gravity,standard,real,true,auto
9dfc12aa,sft_train,gravity,standard,real,true,auto
9e0eaab9,eval_holdout,gravity,standard,real,true,auto
9e3c7916,sft_train,gravity,standard,real,true,auto
9e619102,sft_train,gravity,standard,real,true,auto
9ef1e506,sft_train,gravity,standard,real,true,auto
9f015548,sft_train,gravity,standard,real,true,auto
9f380129,sft_train,gravity,standard,real,true,auto
9f695a22,sft_train,gravity,standard,real,true,auto
9f6f33b2,sft_train,gravity,standard,real,true,auto
9f70ddfd,sft_train,gravity,standard,real,true,auto
9f775ba6,eval_holdout,gravity,standard,real,true,auto
9f89d8b5,eval_holdout,gravity,standard,real,true,auto
9fb609e7,eval_holdout,gravity,standard,real,true,auto
9ff1373b,sft_train,gravity,standard,real,true,auto
a0132d58,sft_train,gravity,standard,real,true,auto
a033df06,sft_train,gravity,standard,real,true,auto
a043e4da,eval_holdout,gravity,standard,real,true,auto
a044158a,sft_train,gravity,standard,real,true,auto
a07072e4,sft_train,gravity,standard,real,true,auto
a071db66,sft_train,gravity,standard,real,true,auto
a0a2ce5c,sft_train,gravity,standard,real,true,auto
a0a63ed4,sft_train,gravity,standard,real,true,auto
a0baa626,sft_train,gravity,standard,real,true,auto
a0e44f72,sft_train,gravity,standard,real,true,auto
a0f33afd,sft_train,gravity,standard,real,true,auto
a0fc7b3e,sft_train,gravity,standard,real,true,auto
a1048986,grpo_holdout,gravity,standard,real,true,auto
a115829f,sft_train,gravity,standard,real,true,auto
a11e63a5,sft_train,gravity,standard,real,true,auto
a143f146,sft_train,gravity,standard,real,true,auto
a1700ce9,sft_train,gravity,standard,real,true,auto
a188a7ef,sft_train,gravity,standard,real,true,auto
a1b268b4,sft_train,gravity,standard,real,true,auto
a1f92ca9,sft_train,gravity,standard,real,true,auto
a24ec2e5,sft_train,gravity,standard,real,true,auto
a26c8eb7,sft_train,gravity,standard,real,true,auto
a2b90fdc,sft_train,gravity,standard,real,true,auto
a2c48401,sft_train,gravity,standard,real,true,auto
a2ccba8c,grpo_holdout,gravity,standard,real,true,auto
a2d676f4,sft_train,gravity,standard,real,true,auto
a2ecd374,sft_train,gravity,standard,real,true,auto
a2ffb6ac,eval_holdout,gravity,standard,real,true,auto
a32325cf,sft_train,gravity,standard,real,true,auto
a33efcb6,sft_train,gravity,standard,real,true,auto
a34bd133,sft_train,gravity,standard,real,true,auto
a350865e,sft_train,gravity,standard,real,true,auto
a36744a2,sft_train,gravity,standard,real,true,auto
a36be33f,sft_train,gravity,standard,real,true,auto
a3c3d077,sft_train,gravity,standard,real,true,auto
a400b3e0,sft_train,gravity,standard,real,true,auto
a44ecc73,grpo_holdout,gravity,standard,real,true,auto
a463d5a2,sft_train,gravity,standard,real,true,auto
a47a489c,sft_train,gravity,standard,real,true,auto
a4a5fe71,sft_train,gravity,standard,real,true,auto
a4a91d08,sft_train,gravity,standard,real,true,auto
a4d4ebc5,eval_holdout,gravity,standard,real,true,auto
a4f165c1,sft_train,gravity,standard,real,true,auto
a51b62b6,sft_train,gravity,standard,real,true,auto
a51c0264,sft_train,gravity,standard,real,true,auto
a5409e68,grpo_holdout,gravity,standard,real,true,auto
a5d2e952,sft_train,gravity,standard,real,true,auto
a62934d7,sft_train,gravity,standard,real,true,auto
a631adf5,sft_train,gravity,standard,real,true,auto
a63cd4aa,sft_train,gravity,standard,real,true,auto
a63d9b34,sft_train,gravity,standard,real,true,auto
a660cb06,sft_train,gravity,standard,real,true,auto
a6d02e56,sft_train,gravity,standard,real,true,auto
a6d242f1,sft_train,gravity,standard,real,true,auto
a6f1b553,eval_holdout,gravity,standard,real,true,auto
a6f1dc3e,sft_train,gravity,standard,real,true,auto
a6f82438,sft_train,gravity,standard,real,true,auto
a727c08b,sft_train,gravity,standard,real,true,auto
a72a1ff9,sft_train,gravity,standard,real,true,auto
a7b82c09,sft_train,gravity,standard,real,true,auto
a7bedcb2,sft_train,gravity,standard,real,true,auto
a82332c8,eval_holdout,gravity,standard,real,true,auto
a828788b,sft_train,gravity,standard,real,true,auto
a84f60fd,sft_train,gravity,standard,real,true,auto
a86cb46c,sft_train,gravity,standard,real,true,auto
a8aed893,sft_train,gravity,standard,real,true,auto
a8ce8537,sft_train,gravity,standard,real,true,auto
a8d5c8c2,sft_train,gravity,standard,real,true,auto
a8dbe0c6,sft_train,gravity,standard,real,true,auto
a8e8b505,sft_train,gravity,standard,real,true,auto
a90fdd22,sft_train,gravity,standard,real,true,auto
a9a49dfe,sft_train,gravity,standard,real,true,auto
a9a891ce,sft_train,gravity,standard,real,true,auto
a9b6b1cb,sft_train,gravity,standard,real,true,auto
a9cdb53b,sft_train,gravity,standard,real,true,auto
aa10e6b3,sft_train,gravity,standard,real,true,auto
aa37b5db,sft_train,gravity,standard,real,true,auto
aa4339c1,sft_train,gravity,standard,real,true,auto
aa48cec8,sft_train,gravity,standard,real,true,auto
aaa6fddc,sft_train,gravity,standard,real,true,auto
aaafc6bc,sft_train,gravity,standard,real,true,auto
aacd7119,sft_train,gravity,standard,real,true,auto
ab015d3c,eval_holdout,gravity,standard,real,true,auto
ab34f2e6,sft_train,gravity,standard,real,true,auto
ab407759,sft_train,gravity,standard,real,true,auto
ab9e5b48,grpo_holdout,gravity,standard,real,true,auto
ac2189ae,sft_train,gravity,standard,real,true,auto
ac2b67ad,sft_train,gravity,standard,real,true,auto
aca82280,eval_holdout,gravity,standard,real,true,auto
ad364a7c,sft_train,gravity,standard,real,true,auto
ad794f4a,sft_train,gravity,standard,real,true,auto
adb33564,sft_train,gravity,standard,real,true,auto
adc6141f,eval_holdout,gravity,standard,real,true,auto
add435ca,sft_train,gravity,standard,real,true,auto
adee3b71,sft_train,gravity,standard,real,true,auto
adf5d72d,grpo_holdout,gravity,standard,real,true,auto
ae0e57c4,sft_train,gravity,standard,real,true,auto
ae2e3a26,sft_train,gravity,standard,real,true,auto
ae494323,sft_train,gravity,standard,real,true,auto
ae4f74ba,sft_train,gravity,standard,real,true,auto
ae5e65cf,grpo_holdout,gravity,standard,real,true,auto
ae6a3065,eval_holdout,gravity,standard,real,true,auto
ae6c8cf6,sft_train,gravity,standard,real,true,auto
aeb1596c,sft_train,gravity,standard,real,true,auto
aec8d5f2,sft_train,gravity,standard,real,true,auto
aed8e748,grpo_holdout,gravity,standard,real,true,auto
af260055,eval_holdout,gravity,standard,real,true,auto
af271da8,sft_train,gravity,standard,real,true,auto
af52a14c,sft_train,gravity,standard,real,true,auto
af745071,eval_holdout,gravity,standard,real,true,auto
af78b80e,sft_train,gravity,standard,real,true,auto
af9989c2,sft_train,gravity,standard,real,true,auto
afac52d8,eval_holdout,gravity,standard,real,true,auto
b037cf33,sft_train,gravity,standard,real,true,auto
b06adf83,sft_train,gravity,standard,real,true,auto
b08e4730,sft_train,gravity,standard,real,true,auto
b0b84b53,sft_train,gravity,standard,real,true,auto
b1686291,sft_train,gravity,standard,real,true,auto
b1804bcd,grpo_holdout,gravity,standard,real,true,auto
b1f8f11c,sft_train,gravity,standard,real,true,auto
b2615471,sft_train,gravity,standard,real,true,auto
b29a4a21,sft_train,gravity,standard,real,true,auto
b2b2ba94,sft_train,gravity,standard,real,true,auto
b2cbea0f,sft_train,gravity,standard,real,true,auto
b2f2ad54,sft_train,gravity,standard,real,true,auto
b303bb5a,sft_train,gravity,standard,real,true,auto
b312829e,sft_train,gravity,standard,real,true,auto
b32c8042,eval_holdout,gravity,standard,real,true,auto
b3b8ed86,sft_train,gravity,standard,real,true,auto
b3e6f386,eval_holdout,gravity,standard,real,true,auto
b41c84e4,sft_train,gravity,standard,real,true,auto
b48ec372,sft_train,gravity,standard,real,true,auto
b4902e98,grpo_holdout,gravity,standard,real,true,auto
b4906db9,sft_train,gravity,standard,real,true,auto
b4a42843,sft_train,gravity,standard,real,true,auto
b50ea68b,grpo_holdout,gravity,standard,real,true,auto
b52c6d87,eval_holdout,gravity,standard,real,true,auto
b5403194,sft_train,gravity,standard,real,true,auto
b5a20f35,sft_train,gravity,standard,real,true,auto
b5aaf41f,sft_train,gravity,standard,real,true,auto
b5ab0286,eval_holdout,gravity,standard,real,true,auto
b5bfe52b,sft_train,gravity,standard,real,true,auto
b5c56f58,grpo_holdout,gravity,standard,real,true,auto
b5fdebcc,sft_train,gravity,standard,real,true,auto
b60cd610,sft_train,gravity,standard,real,true,auto
b61bb6c6,sft_train,gravity,standard,real,true,auto
b669d051,sft_train,gravity,standard,real,true,auto
b6cd32c1,sft_train,gravity,standard,real,true,auto
b6cef316,sft_train,gravity,standard,real,true,auto
b75d7598,sft_train,gravity,standard,real,true,auto
b7a208c2,sft_train,gravity,standard,real,true,auto
b7b61c0b,grpo_holdout,gravity,standard,real,true,auto
b7ebfc5a,sft_train,gravity,standard,real,true,auto
b80d1a4d,sft_train,gravity,standard,real,true,auto
b81065fd,sft_train,gravity,standard,real,true,auto
b84ada64,sft_train,gravity,standard,real,true,auto
b8b9133c,sft_train,gravity,standard,real,true,auto
b8b99140,sft_train,gravity,standard,real,true,auto
b8bbfb33,sft_train,gravity,standard,real,true,auto
b8e2b866,sft_train,gravity,standard,real,true,auto
b8e4d24d,sft_train,gravity,standard,real,true,auto
b9126839,sft_train,gravity,standard,real,true,auto
b99c2ca0,sft_train,gravity,standard,real,true,auto
b9fb3018,grpo_holdout,gravity,standard,real,true,auto
ba598f58,sft_train,gravity,standard,real,true,auto
ba70f3c5,sft_train,gravity,standard,real,true,auto
ba7d78f8,sft_train,gravity,standard,real,true,auto
ba960ba9,sft_train,gravity,standard,real,true,auto
bab19053,sft_train,gravity,standard,real,true,auto
bae825ba,sft_train,gravity,standard,real,true,auto
bb46a671,sft_train,gravity,standard,real,true,auto
bb486d21,eval_holdout,gravity,standard,real,true,auto
bb742385,sft_train,gravity,standard,real,true,auto
bb8a739b,sft_train,gravity,standard,real,true,auto
bb8f5a6a,sft_train,gravity,standard,real,true,auto
bb9611b7,sft_train,gravity,standard,real,true,auto
bbace822,sft_train,gravity,standard,real,true,auto
bc0cbe05,sft_train,gravity,standard,real,true,auto
bc2649ba,sft_train,gravity,standard,real,true,auto
bc38b75b,sft_train,gravity,standard,real,true,auto
bc4aca62,sft_train,gravity,standard,real,true,auto
bc586060,sft_train,gravity,standard,real,true,auto
bcacfbc9,eval_holdout,gravity,standard,real,true,auto
bcc6b180,sft_train,gravity,standard,real,true,auto
bcfa751d,grpo_holdout,gravity,standard,real,true,auto
bd1200b2,sft_train,gravity,standard,real,true,auto
bd3996eb,sft_train,gravity,standard,real,true,auto
bd76e1f9,sft_train,gravity,standard,real,true,auto
bd9df216,eval_holdout,gravity,standard,real,true,auto
bdbc5f60,sft_train,gravity,standard,real,true,auto
bdcccbab,sft_train,gravity,standard,real,true,auto
bdd2f990,sft_train,gravity,standard,real,true,auto
be091374,sft_train,gravity,standard,real,true,auto
be2b5f75,sft_train,gravity,standard,real,true,auto
be5f0069,sft_train,gravity,standard,real,true,auto
be67a57a,sft_train,gravity,standard,real,true,auto
be69de9f,sft_train,gravity,standard,real,true,auto
be7b3d06,grpo_holdout,gravity,standard,real,true,auto
bed05e5b,sft_train,gravity,standard,real,true,auto
bf40bc1d,grpo_holdout,gravity,standard,real,true,auto
bf6249ea,sft_train,gravity,standard,real,true,auto
bf786304,sft_train,gravity,standard,real,true,auto
bf8524b5,sft_train,gravity,standard,real,true,auto
bfa0fdf6,sft_train,gravity,standard,real,true,auto
bfaa2811,sft_train,gravity,standard,real,true,auto
bfb88d7b,sft_train,gravity,standard,real,true,auto
bfd0e232,eval_holdout,gravity,standard,real,true,auto
bfd2dc4c,eval_holdout,gravity,standard,real,true,auto
bfdf8d36,grpo_holdout,gravity,standard,real,true,auto
c04024c2,sft_train,gravity,standard,real,true,auto
c04634c0,sft_train,gravity,standard,real,true,auto
c0706c91,grpo_holdout,gravity,standard,real,true,auto
c0941580,sft_train,gravity,standard,real,true,auto
c0dc290c,sft_train,gravity,standard,real,true,auto
c0e67390,sft_train,gravity,standard,real,true,auto
c0f6e1b8,sft_train,gravity,standard,real,true,auto
c11ca3ef,sft_train,gravity,standard,real,true,auto
c11f1c92,sft_train,gravity,standard,real,true,auto
c1224544,sft_train,gravity,standard,real,true,auto
c124f209,sft_train,gravity,standard,real,true,auto
c143db59,sft_train,gravity,standard,real,true,auto
c14582f7,sft_train,gravity,standard,real,true,auto
c188c1a6,grpo_holdout,gravity,standard,real,true,auto
c22ba76c,grpo_holdout,gravity,standard,real,true,auto
c23e84e7,sft_train,gravity,standard,real,true,auto
c2681106,sft_train,gravity,standard,real,true,auto
c270d664,sft_train,gravity,standard,real,true,auto
c2a7b266,sft_train,gravity,standard,real,true,auto
c2bd8080,eval_holdout,gravity,standard,real,true,auto
c2ebca34,sft_train,gravity,standard,real,true,auto
c2eca07a,sft_train,gravity,standard,real,true,auto
c2eca2a0,sft_train,gravity,standard,real,true,auto
c2f263df,sft_train,gravity,standard,real,true,auto
c307fa93,sft_train,gravity,standard,real,true,auto
c328b4f0,grpo_holdout,gravity,standard,real,true,auto
c3728f7f,sft_train,gravity,standard,real,true,auto
c3e8c44f,sft_train,gravity,standard,real,true,auto
c3f62d1d,sft_train,gravity,standard,real,true,auto
c3fb6417,grpo_holdout,gravity,standard,real,true,auto
c49e08e9,sft_train,gravity,standard,real,true,auto
c4ae8bd9,sft_train,gravity,standard,real,true,auto
c4d37945,sft_train,gravity,standard,real,true,auto
c4e002ab,sft_train,gravity,standard,real,true,auto
c50cd56e,sft_train,gravity,standard,real,true,auto
c51de6da,eval_holdout,gravity,standard,real,true,auto
c540010b,sft_train,gravity,standard,real,true,auto
c5452dd7,sft_train,gravity,standard,real,true,auto
c552685b,sft_train,gravity,standard,real,true,auto
c5582800,sft_train,gravity,standard,real,true,auto
c5bea6cd,grpo_holdout,gravity,standard,real,true,auto
c5c16455,sft_train,gravity,standard,real,true,auto
c601d300,sft_train,gravity,standard,real,true,auto
c6382a0a,sft_train,gravity,standard,real,true,auto
c644a425,sft_train,gravity,standard,real,true,auto
c6a5f3f8,sft_train,gravity,standard,real,true,auto
c6c03357,sft_train,gravity,standard,real,true,auto
c6c3376a,sft_train,gravity,standard,real,true,auto
c6d3c9a4,sft_train,gravity,standard,real,true,auto
c7010f8f,sft_train,gravity,standard,real,true,auto
c708be9a,sft_train,gravity,standard,real,true,auto
c7492d2e,sft_train,gravity,standard,real,true,auto
c75c45b2,sft_train,gravity,standard,real,true,auto
c7a95fda,sft_train,gravity,standard,real,true,auto
c7c8a024,sft_train,gravity,standard,real,true,auto
c7c9f6a1,sft_train,gravity,standard,real,true,auto
c7e1ae7d,sft_train,gravity,standard,real,true,auto
c8059d42,sft_train,gravity,standard,real,true,auto
c8200012,sft_train,gravity,standard,real,true,auto
c82c0984,grpo_holdout,gravity,standard,real,true,auto
c83ef461,sft_train,gravity,standard,real,true,auto
c8594a19,sft_train,gravity,standard,real,true,auto
c8c3c654,sft_train,gravity,standard,real,true,auto
c8c3eb99,sft_train,gravity,standard,real,true,auto
c8eb3ecc,sft_train,gravity,standard,real,true,auto
c97896c2,sft_train,gravity,standard,real,true,auto
c9d0a16d,sft_train,gravity,standard,real,true,auto
c9e990de,sft_train,gravity,standard,real,true,auto
ca28d400,sft_train,gravity,standard,real,true,auto
ca2bb5f5,sft_train,gravity,standard,real,true,auto
ca4d10f5,sft_train,gravity,standard,real,true,auto
ca7325ee,sft_train,gravity,standard,real,true,auto
cabc0445,sft_train,gravity,standard,real,true,auto
cacc0b56,eval_holdout,gravity,standard,real,true,auto
cad64a33,sft_train,gravity,standard,real,true,auto
caf5574a,sft_train,gravity,standard,real,true,auto
cb0f3fc2,sft_train,gravity,standard,real,true,auto
cb57aeca,sft_train,gravity,standard,real,true,auto
cb59c08c,grpo_holdout,gravity,standard,real,true,auto
cb5e222e,sft_train,gravity,standard,real,true,auto
cbd76ba8,grpo_holdout,gravity,standard,real,true,auto
cbf13263,sft_train,gravity,standard,real,true,auto
cbfb5002,sft_train,gravity,standard,real,true,auto
cc4a4b69,sft_train,gravity,standard,real,true,auto
cc5d037a,sft_train,gravity,standard,real,true,auto
cc716361,eval_holdout,gravity,standard,real,true,auto
cca9f6af,sft_train,gravity,standard,real,true,auto
ccbbac0e,sft_train,gravity,standard,real,true,auto
ccddd1be,sft_train,gravity,standard,real,true,auto
cd263ee9,sft_train,gravity,standard,real,true,auto
cd42f555,sft_train,gravity,standard,real,true,auto
cd8b5299,sft_train,gravity,standard,real,true,auto
cd8d9d82,sft_train,gravity,standard,real,true,auto
cd9c0930,grpo_holdout,gravity,standard,real,true,auto
cde6cc3c,grpo_holdout,gravity,standard,real,true,auto
ce1e1f23,sft_train,gravity,standard,real,true,auto
ce2df062,sft_train,gravity,standard,real,true,auto
ce2e0e08,sft_train,gravity,standard,real,true,auto
ce32bb72,sft_train,gravity,standard,real,true,auto
ce338e63,sft_train,gravity,standard,real,true,auto
ce3b9926,sft_train,gravity,standard,real,true,auto
ce42ad50,eval_holdout,gravity,standard,real,true,auto
ce90a920,grpo_holdout,gravity,standard,real,true,auto
ceb69396,grpo_holdout,gravity,standard,real,true,auto
cf684dbe,sft_train,gravity,standard,real,true,auto
cf7a503e,eval_holdout,gravity,standard,real,true,auto
cfe840b0,sft_train,gravity,standard,real,true,auto
cfea27e3,sft_train,gravity,standard,real,true,auto
cfebb054,sft_train,gravity,standard,real,true,auto
cfebd5f8,grpo_holdout,gravity,standard,real,true,auto
d069bd12,sft_train,gravity,standard,real,true,auto
d080f2a8,sft_train,gravity,standard,real,true,auto
d0a6832f,sft_train,gravity,standard,real,true,auto
d0b08b79,sft_train,gravity,standard,real,true,auto
d0b20175,sft_train,gravity,standard,real,true,auto
d0db0217,sft_train,gravity,standard,real,true,auto
d0dd2df7,eval_holdout,gravity,standard,real,true,auto
d0def878,sft_train,gravity,standard,real,true,auto
d14923e2,sft_train,gravity,standard,real,true,auto
d162c3d8,sft_train,gravity,standard,real,true,auto
d1770b73,grpo_holdout,gravity,standard,real,true,auto
d1a67a7b,sft_train,gravity,standard,real,true,auto
d1b8c81c,sft_train,gravity,standard,real,true,auto
d1ff4b0b,grpo_holdout,gravity,standard,real,true,auto
d20e766d,sft_train,gravity,standard,real,true,auto
d20e7c41,sft_train,gravity,standard,real,true,auto
d211d3f8,sft_train,gravity,standard,real,true,auto
d23b8633,sft_train,gravity,standard,real,true,auto
d26230fc,sft_train,gravity,standard,real,true,auto
d29824cf,sft_train,gravity,standard,real,true,auto
d2a6a864,sft_train,gravity,standard,real,true,auto
d2d2de70,eval_holdout,gravity,standard,real,true,auto
d304eec8,sft_train,gravity,standard,real,true,auto
d34446f5,sft_train,gravity,standard,real,true,auto
d3492ebf,sft_train,gravity,standard,real,true,auto
d3552bf9,grpo_holdout,gravity,standard,real,true,auto
d35b279d,sft_train,gravity,standard,real,true,auto
d3c2eac5,sft_train,gravity,standard,real,true,auto
d3f8c793,sft_train,gravity,standard,real,true,auto
d4377d71,sft_train,gravity,standard,real,true,auto
d44b77f7,sft_train,gravity,standard,real,true,auto
d4d4a2c2,eval_holdout,gravity,standard,real,true,auto
d50a479c,eval_holdout,gravity,standard,real,true,auto
d54f5b26,sft_train,gravity,standard,real,true,auto
d5f4c3a9,eval_holdout,gravity,standard,real,true,auto
d61269a7,sft_train,gravity,standard,real,true,auto
d61f4e24,sft_train,gravity,standard,real,true,auto
d6280b68,grpo_holdout,gravity,standard,real,true,auto
d62cf15d,sft_train,gravity,standard,real,true,auto
d66ea753,sft_train,gravity,standard,real,true,auto
d691d4f5,eval_holdout,gravity,standard,real,true,auto
d6b2525a,sft_train,gravity,standard,real,true,auto
d6be4b0e,eval_holdout,gravity,standard,real,true,auto
d7032308,sft_train,gravity,standard,real,true,auto
d719f427,sft_train,gravity,standard,real,true,auto
d71bb1fc,sft_train,gravity,standard,real,true,auto
d7724bc2,sft_train,gravity,standard,real,true,auto
d77e6fa6,sft_train,gravity,standard,real,true,auto
d7869538,sft_train,gravity,standard,real,true,auto
d78cff7e,sft_train,gravity,standard,real,true,auto
d7b7fe29,sft_train,gravity,standard,real,true,auto
d7ec900e,sft_train,gravity,standard,real,true,auto
d8390d72,sft_train,gravity,standard,real,true,auto
d83aa558,sft_train,gravity,standard,real,true,auto
d855f20e,sft_train,gravity,standard,real,true,auto
d87a13ce,grpo_holdout,gravity,standard,real,true,auto
d8b240fd,sft_train,gravity,standard,real,true,auto
d8f40319,sft_train,gravity,standard,real,true,auto
d955cffb,eval_holdout,gravity,standard,real,true,auto
d9622cb6,sft_train,gravity,standard,real,true,auto
d9b40d08,sft_train,gravity,standard,real,true,auto
d9d764f9,sft_train,gravity,standard,real,true,auto
d9e76e9e,sft_train,gravity,standard,real,true,auto
da0c7a5e,sft_train,gravity,standard,real,true,auto
da900804,eval_holdout,gravity,standard,real,true,auto
dad2fa6c,sft_train,gravity,standard,real,true,auto
daf021c5,eval_holdout,gravity,standard,real,true,auto
db300a05,sft_train,gravity,standard,real,true,auto
db3da411,grpo_holdout,gravity,standard,real,true,auto
db45b1dd,sft_train,gravity,standard,real,true,auto
dbbc0dab,sft_train,gravity,standard,real,true,auto
dbc31a23,sft_train,gravity,standard,real,true,auto
dbde4396,sft_train,gravity,standard,real,true,auto
dc7e2689,sft_train,gravity,standard,real,true,auto
dd3449c5,sft_train,gravity,standard,real,true,auto
dd9249a9,sft_train,gravity,standard,real,true,auto
dda3b85d,grpo_holdout,gravity,standard,real,true,auto
ddb82859,sft_train,gravity,standard,real,true,auto
ddd199dd,sft_train,gravity,standard,real,true,auto
de488cd3,eval_holdout,gravity,standard,real,true,auto
de4fc6b3,sft_train,gravity,standard,real,true,auto
de78c53f,sft_train,gravity,standard,real,true,auto
de790d18,grpo_holdout,gravity,standard,real,true,auto
deeb0f72,sft_train,gravity,standard,real,true,auto
df0eadf0,sft_train,gravity,standard,real,true,auto
df2fd240,grpo_holdout,gravity,standard,real,true,auto
dfda1b37,sft_train,gravity,standard,real,true,auto
e01c7e3a,sft_train,gravity,standard,real,true,auto
e01f7a71,sft_train,gravity,standard,real,true,auto
e100c796,sft_train,gravity,standard,real,true,auto
e143283e,sft_train,gravity,standard,real,true,auto
e19a85da,sft_train,gravity,standard,real,true,auto
e1a8087e,grpo_holdout,gravity,standard,real,true,auto
e1fa1e3c,sft_train,gravity,standard,real,true,auto
e219d127,eval_holdout,gravity,standard,real,true,auto
e2838065,sft_train,gravity,standard,real,true,auto
e2f56016,sft_train,gravity,standard,real,true,auto
e3248f5e,sft_train,gravity,standard,real,true,auto
e32c84ec,sft_train,gravity,standard,real,true,auto
e35b4378,sft_train,gravity,standard,real,true,auto
e38d2718,sft_train,gravity,standard,real,true,auto
e3b8096e,sft_train,gravity,standard,real,true,auto
e3cd5a35,sft_train,gravity,standard,real,true,auto
e3e70e8e,sft_train,gravity,standard,real,true,auto
e406f8e6,sft_train,gravity,standard,real,true,auto
e43520a7,eval_holdout,gravity,standard,real,true,auto
e4456e1d,sft_train,gravity,standard,real,true,auto
e44b5be4,sft_train,gravity,standard,real,true,auto
e44fed1a,sft_train,gravity,standard,real,true,auto
e48bc40f,sft_train,gravity,standard,real,true,auto
e4bfcaa9,sft_train,gravity,standard,real,true,auto
e4e7833b,sft_train,gravity,standard,real,true,auto
e4ebb7e9,grpo_holdout,gravity,standard,real,true,auto
e4ebe7ed,sft_train,gravity,standard,real,true,auto
e4f3a31c,sft_train,gravity,standard,real,true,auto
e4fc9ec8,sft_train,gravity,standard,real,true,auto
e4ff7676,sft_train,gravity,standard,real,true,auto
e50b2f36,sft_train,gravity,standard,real,true,auto
e555400c,sft_train,gravity,standard,real,true,auto
e55f610f,grpo_holdout,gravity,standard,real,true,auto
e560f574,grpo_holdout,gravity,standard,real,true,auto
e58759c0,sft_train,gravity,standard,real,true,auto
e5bebe50,sft_train,gravity,standard,real,true,auto
e5dd205d,sft_train,gravity,standard,real,true,auto
e62041e4,sft_train,gravity,standard,real,true,auto
e620b293,grpo_holdout,gravity,standard,real,true,auto
e634344a,sft_train,gravity,standard,real,true,auto
e661b7dc,sft_train,gravity,standard,real,true,auto
e6cf4381,sft_train,gravity,standard,real,true,auto
e6f974e9,sft_train,gravity,standard,real,true,auto
e727fd6c,sft_train,gravity,standard,real,true,auto
e78796d3,sft_train,gravity,standard,real,true,auto
e7c970eb,eval_holdout,gravity,standard,real,true,auto
e800a0d1,grpo_holdout,gravity,standard,real,true,auto
e8abdc14,sft_train,gravity,standard,real,true,auto
e8f32d12,sft_train,gravity,standard,real,true,auto
e9053301,eval_holdout,gravity,standard,real,true,auto
e93a1610,sft_train,gravity,standard,real,true,auto
e9631059,sft_train,gravity,standard,real,true,auto
e9634ab2,sft_train,gravity,standard,real,true,auto
e969d8b1,sft_train,gravity,standard,real,true,auto
e9dff6f8,sft_train,gravity,standard,real,true,auto
e9e64466,sft_train,gravity,standard,real,true,auto
e9eab1d5,sft_train,gravity,standard,real,true,auto
e9ed78f7,sft_train,gravity,standard,real,true,auto
e9f338b7,eval_holdout,gravity,standard,real,true,auto
ea1c5fd9,sft_train,gravity,standard,real,true,auto
ea279733,sft_train,gravity,standard,real,true,auto
ea514252,sft_train,gravity,standard,real,true,auto
ea62231c,grpo_holdout,gravity,standard,real,true,auto
ea79a0b1,sft_train,gravity,standard,real,true,auto
ea7ba028,sft_train,gravity,standard,real,true,auto
ea92e509,sft_train,gravity,standard,real,true,auto
ea99f092,grpo_holdout,gravity,standard,real,true,auto
eaff1801,eval_holdout,gravity,standard,real,true,auto
eb26fb93,sft_train,gravity,standard,real,true,auto
eb59e331,sft_train,gravity,standard,real,true,auto
eb5ffb87,sft_train,gravity,standard,real,true,auto
eb821933,sft_train,gravity,standard,real,true,auto
eba1891f,sft_train,gravity,standard,real,true,auto
ebbb5293,eval_holdout,gravity,standard,real,true,auto
ebc369ad,sft_train,gravity,standard,real,true,auto
ebe82de2,sft_train,gravity,standard,real,true,auto
ec1ee4b2,sft_train,gravity,standard,real,true,auto
ec8e6754,eval_holdout,gravity,standard,real,true,auto
eca3925a,sft_train,gravity,standard,real,true,auto
ed2e3c8c,sft_train,gravity,standard,real,true,auto
ed43dd53,sft_train,gravity,standard,real,true,auto
edb72283,eval_holdout,gravity,standard,real,true,auto
edc9de66,sft_train,gravity,standard,real,true,auto
ee348712,sft_train,gravity,standard,real,true,auto
ee5c05f4,sft_train,gravity,standard,real,true,auto
ee7e7899,sft_train,gravity,standard,real,true,auto
eee99d16,sft_train,gravity,standard,real,true,auto
eefdd08e,sft_train,gravity,standard,real,true,auto
ef260f7c,grpo_holdout,gravity,standard,real,true,auto
ef37f996,grpo_holdout,gravity,standard,real,true,auto
ef3c7703,grpo_holdout,gravity,standard,real,true,auto
ef817ec9,sft_train,gravity,standard,real,true,auto
efc773d7,sft_train,gravity,standard,real,true,auto
f06d66f7,sft_train,gravity,standard,real,true,auto
f0816613,sft_train,gravity,standard,real,true,auto
f0ccc56e,sft_train,gravity,standard,real,true,auto
f0d774c0,sft_train,gravity,standard,real,true,auto
f19b29c6,sft_train,gravity,standard,real,true,auto
f1d6e384,sft_train,gravity,standard,real,true,auto
f201b48d,sft_train,gravity,standard,real,true,auto
f20e64f5,sft_train,gravity,standard,real,true,auto
f2164aa5,eval_holdout,gravity,standard,real,true,auto
f2664367,sft_train,gravity,standard,real,true,auto
f2afa350,eval_holdout,gravity,standard,real,true,auto
f2f3d224,grpo_holdout,gravity,standard,real,true,auto
f2fe103b,sft_train,gravity,standard,real,true,auto
f323ddca,eval_holdout,gravity,standard,real,true,auto
f336b423,sft_train,gravity,standard,real,true,auto
f360b419,sft_train,gravity,standard,real,true,auto
f37b8a8c,sft_train,gravity,standard,real,true,auto
f382afce,sft_train,gravity,standard,real,true,auto
f3b6828b,sft_train,gravity,standard,real,true,auto
f3edbc62,grpo_holdout,gravity,standard,real,true,auto
f3f76c82,sft_train,gravity,standard,real,true,auto
f431cf03,grpo_holdout,gravity,standard,real,true,auto
f4804b50,sft_train,gravity,standard,real,true,auto
f4e1031d,sft_train,gravity,standard,real,true,auto
f4eab30a,sft_train,gravity,standard,real,true,auto
f4f586f4,sft_train,gravity,standard,real,true,auto
f5c7d545,sft_train,gravity,standard,real,true,auto
f5e70398,sft_train,gravity,standard,real,true,auto
f607a27e,sft_train,gravity,standard,real,true,auto
f611045a,sft_train,gravity,standard,real,true,auto
f61f3d46,sft_train,gravity,standard,real,true,auto
f63f77f8,sft_train,gravity,standard,real,true,auto
f640c781,sft_train,gravity,standard,real,true,auto
f6478b9f,sft_train,gravity,standard,real,true,auto
f67b8172,sft_train,gravity,standard,real,true,auto
f68a0b15,sft_train,gravity,standard,real,true,auto
f68f8c60,sft_train,gravity,standard,real,true,auto
f6a05295,sft_train,gravity,standard,real,true,auto
f6eef71c,sft_train,gravity,standard,real,true,auto
f728db66,sft_train,gravity,standard,real,true,auto
f731876f,eval_holdout,gravity,standard,real,true,auto
f73349d4,sft_train,gravity,standard,real,true,auto
f78227f1,sft_train,gravity,standard,real,true,auto
f83e6ef3,eval_holdout,gravity,standard,real,true,auto
f83ff670,sft_train,gravity,standard,real,true,auto
f846fc66,sft_train,gravity,standard,real,true,auto
f84c25f1,sft_train,gravity,standard,real,true,auto
f8aa53b8,sft_train,gravity,standard,real,true,auto
f8e87e01,sft_train,gravity,standard,real,true,auto
f8f50a29,sft_train,gravity,standard,real,true,auto
f907b099,sft_train,gravity,standard,real,true,auto
f94d250a,eval_holdout,gravity,standard,real,true,auto
f960e029,grpo_holdout,gravity,standard,real,true,auto
f987326d,sft_train,gravity,standard,real,true,auto
f9f20a7a,sft_train,gravity,standard,real,true,auto
fa106ea3,sft_train,gravity,standard,real,true,auto
fa2026b7,sft_train,gravity,standard,real,true,auto
fa34cd1e,grpo_holdout,gravity,standard,real,true,auto
fa4a1468,grpo_holdout,gravity,standard,real,true,auto
fab9831d,eval_holdout,gravity,standard,real,true,auto
facd738c,sft_train,gravity,standard,real,true,auto
faf8e57f,sft_train,gravity,standard,real,true,auto
fb0b10be,sft_train,gravity,standard,real,true,auto
fb0df6ae,sft_train,gravity,standard,real,true,auto
fb37f51d,sft_train,gravity,standard,real,true,auto
fb71eaed,grpo_holdout,gravity,standard,real,true,auto
fb81a733,sft_train,gravity,standard,real,true,auto
fbcf88ad,sft_train,gravity,standard,real,true,auto
fbd16bf8,eval_holdout,gravity,standard,real,true,auto
fc115718,sft_train,gravity,standard,real,true,auto
fc8bc8b2,sft_train,gravity,standard,real,true,auto
fc9318d6,sft_train,gravity,standard,real,true,auto
fc9b063b,eval_holdout,gravity,standard,real,true,auto
fca76459,sft_train,gravity,standard,real,true,auto
fd0d1430,eval_holdout,gravity,standard,real,true,auto
fd225d00,grpo_holdout,gravity,standard,real,true,auto
fd38d6f0,sft_train,gravity,standard,real,true,auto
fd560247,sft_train,gravity,standard,real,true,auto
fd663423,sft_train,gravity,standard,real,true,auto
fd6eab47,grpo_holdout,gravity,standard,real,true,auto
fd724227,sft_train,gravity,standard,real,true,auto
fdae34f8,eval_holdout,gravity,standard,real,true,auto
fdc51c5c,sft_train,gravity,standard,real,true,auto
fdcf8451,grpo_holdout,gravity,standard,real,true,auto
fe1f98a2,grpo_holdout,gravity,standard,real,true,auto
fe6d24f4,sft_train,gravity,standard,real,true,auto
fe6eaa3e,sft_train,gravity,standard,real,true,auto
fe8728e9,grpo_holdout,gravity,standard,real,true,auto
fed1b3e5,sft_train,gravity,standard,real,true,auto
fed866eb,sft_train,gravity,standard,real,true,auto
feda1e0a,grpo_holdout,gravity,standard,real,true,auto
fef8ce80,sft_train,gravity,standard,real,true,auto
ff039a4e,grpo_holdout,gravity,standard,real,true,auto
ff16a080,sft_train,gravity,standard,real,true,auto
ff232b96,grpo_holdout,gravity,standard,real,true,auto
ff2e376c,sft_train,gravity,standard,real,true,auto
ff85238e,sft_train,gravity,standard,real,true,auto
ff90228b,sft_train,gravity,standard,real,true,auto
ff9540e2,eval_holdout,gravity,standard,real,true,auto
ffe680c2,sft_train,gravity,standard,real,true,auto
